Location,geo_location,Household Average Size,Household Median Size,Degree,Zoom Level
Toronto,"43.605002, -79.422497",3.1,2.7,City,10
Toronto,"43.718099, -79.446822",3.4,3.4,District,11
Toronto,"43.712249, -79.378398",3.4,3.5,Country,4
Toronto,"43.751761, -79.434034",3.9,3.6,Country,4
Montreal,"45.510221, -73.612007",5.9,6.0,Region,8
Toronto,"43.745946, -79.396377",2.8,2.6,Country,4
Montreal,"45.557735, -73.579543",5.1,5.4,District,11
Toronto,"43.771064, -79.363352",3.6,3.7,Country,4
Montreal,"45.516265, -73.614473",5.3,5.5,Region,8
Toronto,"43.721826, -79.432886",3.2,3.1,City,10
Toronto,"43.736923, -79.365715",3.4,2.9,District,11
Montreal,"45.540116, -73.643381",3.4,3.4,Region,8
Montreal,"45.514287, -73.636037",5.5,5.4,Region,8
Montreal,"45.5362, -73.550267",4.5,4.1,City,10
Toronto,"43.772221, -79.434716",5.7,5.6,City,10
Toronto,"43.676953, -79.390411",4.6,5.1,Country,4
Toronto,"43.736057, -79.438545",5.6,5.4,Region,8
Montreal,"45.543477, -73.604628",6.4,6.7,Region,8
Toronto,"43.774104, -79.420156",3.1,3.4,City,10
Toronto,"43.719789, -79.401139",6.2,6.6,District,11
Montreal,"45.523945, -73.625913",2.8,2.8,District,11
Toronto,"43.795597, -79.396729",3.0,3.0,City,10
Toronto,"43.653011, -79.362757",6.4,6.8,Country,4
Toronto,"43.74259, -79.410101",4.3,4.3,Region,8
Toronto,"43.649581, -79.443597",4.9,4.6,District,11
Toronto,"43.601438, -79.379216",3.4,3.8,District,11
Montreal,"45.507086, -73.6262",3.4,3.0,Country,4
Montreal,"45.5243, -73.602703",3.3,2.9,Country,4
Montreal,"45.53543, -73.60889",5.2,5.7,District,11
Toronto,"43.612123, -79.377179",3.5,3.2,District,11
Montreal,"45.514018, -73.631651",3.5,3.9,Country,4
Montreal,"45.580802, -73.564403",2.7,3.2,District,11
Toronto,"43.793799, -79.357363",3.2,3.2,City,10
Toronto,"43.77293, -79.359756",4.0,4.5,City,10
Montreal,"45.592652, -73.571487",4.2,4.7,Region,8
Montreal,"45.51548, -73.620329",4.8,4.8,District,11
Montreal,"45.505717, -73.591582",2.7,2.7,City,10
Toronto,"43.613704, -79.443204",4.1,4.5,City,10
Toronto,"43.715784, -79.446026",4.2,4.3,District,11
Montreal,"45.593471, -73.629574",3.5,3.4,Region,8
Montreal,"45.545722, -73.557098",2.5,2.6,District,11
Toronto,"43.614652, -79.428685",3.0,2.8,Region,8
Toronto,"43.775854, -79.413047",4.3,4.3,City,10
Montreal,"45.561168, -73.551277",5.2,5.3,District,11
Toronto,"43.787786, -79.436571",6.1,6.3,District,11
Toronto,"43.65447, -79.389517",3.3,3.4,Region,8
Montreal,"45.550541, -73.624888",2.9,2.8,District,11
Montreal,"45.504409, -73.616644",5.0,4.8,City,10
Montreal,"45.555168, -73.607231",2.9,3.3,District,11
Toronto,"43.709118, -79.36654",4.2,3.7,City,10
Montreal,"45.589898, -73.570388",6.1,5.8,District,11
Toronto,"43.733387, -79.414632",6.4,6.6,Country,4
Toronto,"43.772921, -79.352379",6.0,5.5,City,10
Montreal,"45.578239, -73.608829",3.6,3.9,City,10
Toronto,"43.676508, -79.446128",3.4,3.7,Country,4
Montreal,"45.534966, -73.567946",3.4,3.6,City,10
Montreal,"45.532826, -73.563565",3.9,3.9,Region,8
Montreal,"45.593924, -73.638466",3.2,3.7,Region,8
Montreal,"45.503826, -73.590343",5.4,5.2,Region,8
Toronto,"43.677039, -79.392341",2.7,2.6,Region,8
Toronto,"43.672844, -79.443003",5.0,5.2,Region,8
Toronto,"43.743951, -79.419968",5.2,5.0,Region,8
Montreal,"45.555441, -73.630816",5.2,5.6,Country,4
Montreal,"45.540608, -73.566627",3.6,3.5,Region,8
Montreal,"45.546499, -73.605784",4.5,4.8,City,10
Toronto,"43.73177, -79.421621",2.9,3.4,Region,8
Toronto,"43.734559, -79.427536",3.1,2.6,City,10
Montreal,"45.561127, -73.573151",4.2,4.3,Country,4
Toronto,"43.743669, -79.411602",3.5,3.7,Country,4
Toronto,"43.778532, -79.363956",5.6,5.3,District,11
Montreal,"45.505022, -73.62508",4.3,4.6,District,11
Montreal,"45.595004, -73.560857",5.8,5.8,Country,4
Toronto,"43.748731, -79.402533",5.5,5.8,Region,8
Montreal,"45.576581, -73.59787",3.6,3.2,City,10
Montreal,"45.523449, -73.616415",3.1,2.8,District,11
Toronto,"43.741284, -79.443577",3.8,3.8,Country,4
Toronto,"43.641367, -79.407986",5.9,6.2,District,11
Montreal,"45.547698, -73.555726",5.5,5.9,Region,8
Montreal,"45.553822, -73.576537",4.5,4.3,City,10
Montreal,"45.502902, -73.616387",5.4,5.7,Country,4
Toronto,"43.796144, -79.396588",4.9,5.1,Country,4
Toronto,"43.72855, -79.43643",3.2,3.0,Country,4
Montreal,"45.521166, -73.617315",3.6,4.1,Country,4
Montreal,"45.525227, -73.641809",5.5,5.1,District,11
Montreal,"45.522422, -73.643138",5.5,5.9,District,11
Toronto,"43.767846, -79.387866",3.0,3.2,City,10
Toronto,"43.693007, -79.424376",3.2,3.3,Region,8
Toronto,"43.755558, -79.433623",2.9,2.4,Region,8
Montreal,"45.55758, -73.559197",4.1,4.3,Country,4
Toronto,"43.71842, -79.366943",2.9,3.2,City,10
Toronto,"43.759245, -79.393407",3.9,3.8,District,11
Montreal,"45.506896, -73.585246",5.9,6.2,District,11
Toronto,"43.686705, -79.413781",5.3,5.2,Country,4
Montreal,"45.561591, -73.558038",4.4,4.7,Country,4
Montreal,"45.53223, -73.62545",3.6,3.6,District,11
Montreal,"45.556985, -73.583181",2.6,3.0,Region,8
Toronto,"43.69751, -79.414518",3.9,4.3,Region,8
Montreal,"45.555579, -73.598337",2.8,3.0,City,10
Montreal,"45.555518, -73.625968",5.1,5.1,Country,4
Toronto,"43.618611, -79.42784",3.7,3.8,City,10
Montreal,"45.555347, -73.615624",3.9,3.9,Region,8
Montreal,"45.52514, -73.637934",3.8,4.0,City,10
Toronto,"43.638308, -79.37614",5.4,5.9,Region,8
Montreal,"45.598051, -73.566737",3.4,3.1,Region,8
Toronto,"43.741604, -79.437342",6.4,6.5,District,11
Toronto,"43.727574, -79.374721",6.0,6.1,District,11
Montreal,"45.547871, -73.615929",3.5,3.9,District,11
Toronto,"43.764423, -79.409929",4.8,5.0,District,11
Toronto,"43.62984, -79.393716",2.8,2.5,Region,8
Montreal,"45.560632, -73.570926",5.6,5.5,City,10
Montreal,"45.529735, -73.591147",3.7,3.8,Country,4
Toronto,"43.789518, -79.429221",3.6,3.2,City,10
Toronto,"43.634763, -79.442494",4.1,4.3,District,11
Montreal,"45.529126, -73.626852",5.3,5.3,Region,8
Toronto,"43.784782, -79.371217",4.2,4.2,City,10
Toronto,"43.781682, -79.367337",2.7,3.0,District,11
Montreal,"45.543915, -73.60313",5.3,5.7,Region,8
Montreal,"45.543776, -73.590196",5.4,5.5,Country,4
Toronto,"43.618265, -79.353809",6.5,6.7,District,11
Montreal,"45.557625, -73.573689",4.4,4.6,City,10
Montreal,"45.518149, -73.591467",6.4,6.4,Country,4
Montreal,"45.533331, -73.582987",3.8,4.0,City,10
Montreal,"45.566258, -73.609955",4.3,4.1,District,11
Montreal,"45.511592, -73.572745",5.1,5.1,District,11
Montreal,"45.50542, -73.598156",5.0,5.3,Country,4
Toronto,"43.653411, -79.436899",4.3,4.5,Region,8
Toronto,"43.605774, -79.386998",5.3,5.1,City,10
Toronto,"43.71045, -79.440679",4.3,3.9,District,11
Toronto,"43.699675, -79.37834",4.2,4.2,Region,8
Montreal,"45.524373, -73.594873",3.3,3.4,Country,4
Toronto,"43.772805, -79.422375",3.9,4.2,Country,4
Montreal,"45.582055, -73.621716",5.8,5.9,Region,8
Montreal,"45.586526, -73.605345",3.9,4.0,Country,4
Montreal,"45.545534, -73.617822",6.4,6.1,City,10
Montreal,"45.523356, -73.572446",3.8,3.8,District,11
Montreal,"45.538608, -73.583631",4.5,4.0,City,10
Montreal,"45.58697, -73.562581",2.9,3.3,Country,4
Toronto,"43.744489, -79.409002",2.8,3.1,City,10
Montreal,"45.533856, -73.58073",5.9,6.3,District,11
Montreal,"45.595414, -73.58732",6.0,5.5,Country,4
Toronto,"43.646954, -79.38156",6.5,6.7,Region,8
Montreal,"45.597834, -73.573963",4.3,4.5,District,11
Toronto,"43.609198, -79.370386",3.9,3.8,Region,8
Toronto,"43.706233, -79.393407",3.2,2.8,City,10
Montreal,"45.561971, -73.625917",3.4,3.5,City,10
Montreal,"45.525533, -73.64906",6.1,6.3,Country,4
Toronto,"43.614772, -79.355476",5.1,5.0,Region,8
Montreal,"45.545684, -73.619788",5.9,5.5,Country,4
Montreal,"45.557192, -73.592519",2.6,2.9,Region,8
Montreal,"45.527448, -73.593407",6.1,6.3,District,11
Montreal,"45.577574, -73.626988",3.4,3.1,Region,8
Montreal,"45.567776, -73.577907",5.0,5.4,City,10
Toronto,"43.661787, -79.405918",5.4,5.0,Region,8
Montreal,"45.532672, -73.60845",3.0,3.0,City,10
Montreal,"45.553085, -73.558651",3.5,3.8,City,10
Montreal,"45.596738, -73.620486",5.7,5.7,Region,8
Toronto,"43.628151, -79.35335",6.4,6.7,Country,4
Montreal,"45.50903, -73.610543",4.6,4.6,Region,8
Montreal,"45.558456, -73.567758",2.9,2.6,Region,8
Toronto,"43.723909, -79.355683",6.2,5.9,Region,8
Toronto,"43.727081, -79.403573",5.1,4.7,Region,8
Toronto,"43.789252, -79.419564",3.0,2.7,Country,4
Toronto,"43.677729, -79.412899",4.8,5.0,Country,4
Montreal,"45.565492, -73.566631",6.3,6.1,Country,4
Montreal,"45.521727, -73.60553",5.9,5.5,City,10
Montreal,"45.554447, -73.552216",2.7,2.5,Region,8
Toronto,"43.789802, -79.367581",5.2,5.3,District,11
Toronto,"43.610116, -79.416649",5.6,5.3,City,10
Toronto,"43.717277, -79.368695",3.8,3.4,City,10
Toronto,"43.655455, -79.351597",4.7,5.0,City,10
Toronto,"43.732212, -79.447422",3.9,4.2,District,11
Montreal,"45.501578, -73.623463",5.5,5.5,City,10
Toronto,"43.695249, -79.372198",4.3,4.0,District,11
Toronto,"43.745449, -79.359125",4.3,4.8,Region,8
Toronto,"43.799717, -79.36527",5.2,5.2,Country,4
Montreal,"45.507349, -73.641921",2.8,2.6,City,10
Montreal,"45.53809, -73.590261",4.3,4.4,Region,8
Toronto,"43.758619, -79.438559",4.2,4.6,City,10
Montreal,"45.533893, -73.60465",5.4,5.2,Country,4
Montreal,"45.566511, -73.61257",5.2,5.2,City,10
Toronto,"43.766354, -79.440677",5.5,5.4,District,11
Toronto,"43.711274, -79.391353",5.2,5.1,Region,8
Montreal,"45.586809, -73.577894",4.9,4.8,Region,8
Toronto,"43.630946, -79.401781",3.9,4.0,District,11
Toronto,"43.752521, -79.39259",5.9,6.4,Country,4
Toronto,"43.721799, -79.384217",2.6,2.4,Region,8
Montreal,"45.592154, -73.614898",6.0,6.1,City,10
Montreal,"45.506959, -73.575903",2.9,2.9,District,11
Montreal,"45.541983, -73.61591",3.7,3.5,Region,8
Toronto,"43.776668, -79.434442",5.2,5.0,District,11
Montreal,"45.548566, -73.605796",3.4,3.4,Region,8
Montreal,"45.542991, -73.621675",4.6,4.4,Country,4
Toronto,"43.679053, -79.390068",3.3,3.7,District,11
Toronto,"43.752832, -79.421055",2.5,2.7,District,11
Toronto,"43.625837, -79.396742",4.5,4.8,City,10
Montreal,"45.507208, -73.563824",4.2,4.2,District,11
Toronto,"43.772422, -79.392424",5.3,5.2,Country,4
Toronto,"43.681006, -79.35338",5.7,5.8,City,10
Montreal,"45.508813, -73.565552",4.2,4.1,City,10
Toronto,"43.679153, -79.418973",3.4,3.7,Region,8
Toronto,"43.702097, -79.438597",6.1,5.9,City,10
Toronto,"43.647254, -79.435356",3.2,2.9,City,10
Toronto,"43.635429, -79.372715",4.4,4.5,Country,4
Montreal,"45.568113, -73.561795",6.0,6.1,Region,8
Toronto,"43.687953, -79.403108",5.7,5.8,Region,8
Montreal,"45.550734, -73.618959",2.7,2.6,Country,4
Montreal,"45.507673, -73.563575",5.0,5.0,District,11
Montreal,"45.558033, -73.554577",4.3,4.6,District,11
Toronto,"43.664305, -79.402437",6.3,6.3,City,10
Montreal,"45.598239, -73.641567",2.7,2.9,City,10
Montreal,"45.552407, -73.589019",4.0,3.8,Region,8
Montreal,"45.577446, -73.58211",5.7,5.8,District,11
Toronto,"43.665938, -79.394204",3.6,3.8,Country,4
Toronto,"43.666672, -79.391726",6.2,6.0,City,10
Montreal,"45.512895, -73.579117",3.7,3.6,District,11
Montreal,"45.581318, -73.582988",5.1,5.0,District,11
Montreal,"45.501823, -73.619113",3.9,4.2,City,10
Toronto,"43.645309, -79.436243",3.7,4.0,District,11
Toronto,"43.732386, -79.362361",4.9,4.6,City,10
Toronto,"43.766269, -79.37289",5.4,4.9,City,10
Montreal,"45.567636, -73.626247",4.9,5.2,Country,4
Montreal,"45.5234, -73.626083",6.1,5.8,Country,4
Montreal,"45.546168, -73.621823",4.5,4.4,Country,4
Toronto,"43.763378, -79.369874",6.0,5.6,City,10
Montreal,"45.587412, -73.594546",5.3,5.3,District,11
Toronto,"43.657013, -79.373688",4.3,4.3,Region,8
Montreal,"45.509171, -73.55895",6.0,6.4,Country,4
Montreal,"45.505326, -73.599799",4.0,3.6,City,10
Toronto,"43.605638, -79.356917",5.7,5.3,Region,8
Montreal,"45.59174, -73.602755",5.5,5.5,City,10
Toronto,"43.781171, -79.4481",5.8,5.8,City,10
Montreal,"45.511119, -73.62119",3.0,2.7,Region,8
Montreal,"45.506281, -73.566331",4.9,4.4,Country,4
Toronto,"43.743709, -79.420873",5.0,4.7,District,11
Montreal,"45.518731, -73.583179",2.8,2.8,Region,8
Toronto,"43.678091, -79.402986",6.4,6.2,Country,4
Toronto,"43.671419, -79.443244",5.4,5.5,City,10
Montreal,"45.513341, -73.61477",5.8,5.5,Region,8
Montreal,"45.598082, -73.602147",5.7,5.3,City,10
Montreal,"45.503698, -73.629841",6.0,5.8,City,10
Montreal,"45.551538, -73.551088",3.5,3.8,Country,4
Toronto,"43.657222, -79.363786",6.0,5.8,District,11
Toronto,"43.759868, -79.406305",5.5,5.9,Country,4
Montreal,"45.533904, -73.631318",4.0,4.3,Country,4
Montreal,"45.580115, -73.577292",4.2,4.7,District,11
Toronto,"43.709095, -79.417879",3.8,3.6,District,11
Montreal,"45.560262, -73.607388",3.9,3.4,Country,4
Montreal,"45.561485, -73.606506",2.8,2.9,District,11
Montreal,"45.551309, -73.57501",6.3,5.9,City,10
Montreal,"45.50348, -73.643277",3.9,4.3,Region,8
Toronto,"43.721019, -79.382094",4.0,4.3,Region,8
Toronto,"43.705892, -79.410197",3.5,3.1,Region,8
Toronto,"43.699809, -79.411301",3.5,3.3,District,11
Montreal,"45.521457, -73.588812",3.3,2.9,Country,4
Toronto,"43.690409, -79.360132",6.5,6.8,Country,4
Montreal,"45.566784, -73.579046",6.1,6.5,Region,8
Toronto,"43.758739, -79.399124",6.4,6.7,District,11
Toronto,"43.758075, -79.447372",4.4,4.9,Region,8
Toronto,"43.72239, -79.441378",4.1,4.3,Region,8
Montreal,"45.55257, -73.573084",3.0,2.8,District,11
Toronto,"43.689995, -79.381989",3.0,3.3,Region,8
Toronto,"43.753556, -79.437097",5.8,5.8,District,11
Montreal,"45.516466, -73.617734",3.9,4.3,City,10
Montreal,"45.584593, -73.624939",3.0,2.8,Region,8
Toronto,"43.700515, -79.433136",3.2,3.3,City,10
Montreal,"45.584253, -73.593638",2.8,3.2,District,11
Montreal,"45.565113, -73.573304",5.0,4.5,Country,4
Montreal,"45.564191, -73.619791",5.7,5.9,City,10
Montreal,"45.545354, -73.581139",4.3,4.3,City,10
Toronto,"43.668039, -79.435633",5.4,5.8,Region,8
Montreal,"45.513077, -73.612946",3.8,3.8,District,11
Montreal,"45.54496, -73.635912",3.7,3.6,District,11
Montreal,"45.524827, -73.563469",5.8,6.2,City,10
Montreal,"45.518983, -73.634066",4.5,4.3,Country,4
Toronto,"43.61801, -79.410676",6.4,6.1,Country,4
Montreal,"45.504866, -73.621864",3.6,3.1,Country,4
Toronto,"43.686186, -79.361754",5.6,5.5,Region,8
Montreal,"45.505116, -73.593818",4.7,4.3,Region,8
Montreal,"45.57644, -73.622028",3.0,2.6,District,11
Montreal,"45.57949, -73.616091",5.5,5.2,Region,8
Montreal,"45.550008, -73.64547",5.4,5.7,City,10
Montreal,"45.514894, -73.560687",3.8,3.9,City,10
Toronto,"43.678591, -79.38835",4.9,4.9,Region,8
Montreal,"45.570874, -73.620021",4.0,4.2,District,11
Montreal,"45.55837, -73.570325",4.9,4.7,District,11
Toronto,"43.74428, -79.391648",4.6,4.8,City,10
Montreal,"45.514778, -73.581927",4.8,5.0,District,11
Toronto,"43.603787, -79.418631",4.2,3.9,City,10
Montreal,"45.587282, -73.576416",5.3,5.3,District,11
Montreal,"45.599812, -73.602163",3.8,3.5,Country,4
Montreal,"45.554627, -73.582413",4.9,4.6,Region,8
Toronto,"43.655801, -79.42015",5.6,5.8,Region,8
Montreal,"45.531704, -73.61512",3.7,3.8,Region,8
Montreal,"45.589576, -73.610547",6.3,6.6,Region,8
Montreal,"45.504207, -73.554469",3.9,3.8,District,11
Montreal,"45.574734, -73.628601",6.2,6.4,Region,8
Toronto,"43.621845, -79.375911",3.5,3.7,City,10
Toronto,"43.727589, -79.444751",3.8,3.8,Country,4
Toronto,"43.601036, -79.394965",4.1,4.5,City,10
Montreal,"45.547745, -73.630054",3.8,3.9,Region,8
Toronto,"43.73046, -79.426778",6.2,5.9,District,11
Toronto,"43.786785, -79.446366",5.7,5.4,Country,4
Montreal,"45.587674, -73.649073",6.2,6.0,District,11
Montreal,"45.59891, -73.59567",6.1,5.7,Country,4
Montreal,"45.527284, -73.569119",3.1,3.1,Region,8
Montreal,"45.57186, -73.648592",5.7,5.8,Region,8
Toronto,"43.635099, -79.364385",5.8,5.8,Country,4
Toronto,"43.680167, -79.440461",4.4,4.8,City,10
Toronto,"43.652157, -79.426448",6.3,6.1,Region,8
Toronto,"43.652311, -79.414045",2.7,2.3,City,10
Montreal,"45.515972, -73.581393",5.3,5.4,Region,8
Montreal,"45.536754, -73.627915",4.4,4.4,City,10
Montreal,"45.541585, -73.595077",5.5,5.8,Country,4
Toronto,"43.752372, -79.381966",4.6,4.6,District,11
Montreal,"45.50781, -73.593583",5.8,6.2,District,11
Toronto,"43.71454, -79.435015",5.9,5.8,Region,8
Toronto,"43.743384, -79.401117",5.7,5.7,Country,4
Montreal,"45.54568, -73.644226",5.2,5.0,Country,4
Toronto,"43.67919, -79.368355",4.8,4.3,City,10
Montreal,"45.570038, -73.595884",6.2,5.8,District,11
Montreal,"45.503173, -73.609113",5.6,6.1,City,10
Montreal,"45.537446, -73.560867",6.0,6.4,Country,4
Montreal,"45.508025, -73.553586",5.1,4.9,City,10
Toronto,"43.798569, -79.410694",5.4,5.1,City,10
Toronto,"43.751236, -79.352151",5.2,5.2,Country,4
Montreal,"45.582336, -73.625249",3.1,2.8,Region,8
Toronto,"43.606443, -79.38398",3.5,3.1,District,11
Toronto,"43.689288, -79.382798",3.5,3.0,District,11
Montreal,"45.523434, -73.628273",3.1,3.6,District,11
Toronto,"43.763157, -79.376848",4.8,5.1,Region,8
Montreal,"45.52369, -73.562374",4.2,4.0,City,10
Toronto,"43.725199, -79.40728",2.7,2.5,Country,4
Montreal,"45.57858, -73.618127",4.1,3.9,Country,4
Toronto,"43.750883, -79.402648",3.7,3.9,City,10
Montreal,"45.591474, -73.593761",4.7,4.3,Country,4
Toronto,"43.650999, -79.416974",6.2,6.5,District,11
Toronto,"43.707127, -79.367059",3.6,3.8,District,11
Toronto,"43.774724, -79.431184",4.4,4.8,City,10
Montreal,"45.530319, -73.559101",6.2,6.7,City,10
Toronto,"43.749376, -79.374567",5.3,5.5,City,10
Montreal,"45.591513, -73.594792",4.0,4.0,Region,8
Montreal,"45.530842, -73.614036",4.4,4.7,Country,4
Montreal,"45.576163, -73.617977",4.0,3.9,City,10
Toronto,"43.74825, -79.448378",3.7,3.4,Country,4
Toronto,"43.675968, -79.366664",4.7,5.1,Country,4
Montreal,"45.525733, -73.567841",4.3,4.5,Country,4
Montreal,"45.516927, -73.577969",3.2,3.6,Country,4
Toronto,"43.704789, -79.366093",6.3,6.5,District,11
Toronto,"43.682478, -79.365746",2.8,2.5,City,10
Toronto,"43.701147, -79.41268",5.1,4.6,Country,4
Montreal,"45.501185, -73.597058",4.6,4.4,Region,8
Montreal,"45.580617, -73.559023",6.2,6.2,District,11
Toronto,"43.638386, -79.397354",3.6,3.5,Region,8
Montreal,"45.59593, -73.6041",6.5,6.2,City,10
Toronto,"43.730747, -79.364178",2.9,2.8,District,11
Montreal,"45.505611, -73.649055",2.8,3.1,City,10
Montreal,"45.556586, -73.564204",6.1,6.5,District,11
Toronto,"43.642283, -79.363188",3.6,4.0,Country,4
Montreal,"45.589931, -73.593649",3.2,3.6,District,11
Toronto,"43.792294, -79.391296",6.2,6.0,Country,4
Toronto,"43.713339, -79.365056",4.0,4.2,Region,8
Toronto,"43.700159, -79.352568",2.9,2.6,District,11
Toronto,"43.668119, -79.373099",6.4,6.2,Country,4
Montreal,"45.578355, -73.604945",3.9,4.3,City,10
Montreal,"45.518574, -73.591412",2.8,2.9,Country,4
Toronto,"43.742622, -79.441796",4.0,4.3,City,10
Toronto,"43.747931, -79.418332",2.9,3.3,District,11
Montreal,"45.535992, -73.623023",2.8,2.7,City,10
Montreal,"45.510329, -73.641038",4.9,5.2,District,11
Montreal,"45.501234, -73.608619",5.4,5.5,District,11
Toronto,"43.714392, -79.433042",3.2,3.0,Country,4
Montreal,"45.549312, -73.643673",3.6,3.4,Country,4
Toronto,"43.672225, -79.355578",4.9,4.6,Country,4
Toronto,"43.627098, -79.449323",3.8,3.9,Country,4
Montreal,"45.544022, -73.606938",3.7,3.8,City,10
Toronto,"43.695802, -79.432236",6.4,6.2,Country,4
Montreal,"45.596776, -73.571803",4.0,4.3,Region,8
Montreal,"45.536502, -73.556793",4.9,4.9,City,10
Toronto,"43.790601, -79.403838",4.3,4.1,City,10
Toronto,"43.763793, -79.370434",5.2,4.8,Country,4
Montreal,"45.524202, -73.584134",5.7,5.3,Country,4
Montreal,"45.558224, -73.596563",4.7,5.0,Country,4
Montreal,"45.570163, -73.56877",2.9,2.6,District,11
Montreal,"45.516634, -73.588732",6.4,6.2,Country,4
Montreal,"45.510594, -73.640139",4.5,4.5,City,10
Toronto,"43.689156, -79.410887",3.9,3.4,City,10
Toronto,"43.659086, -79.357945",3.0,3.4,District,11
Toronto,"43.669666, -79.415693",4.6,4.4,City,10
Toronto,"43.687633, -79.380324",2.8,2.3,Region,8
Toronto,"43.604517, -79.415692",5.2,4.9,District,11
Toronto,"43.703199, -79.394809",4.7,5.2,Region,8
Toronto,"43.759551, -79.387024",5.1,5.0,City,10
Toronto,"43.747478, -79.36169",4.9,4.8,Country,4
Toronto,"43.641157, -79.374767",4.8,5.1,District,11
Toronto,"43.673159, -79.430293",3.5,3.9,District,11
Montreal,"45.559697, -73.588869",3.9,4.2,District,11
Toronto,"43.762748, -79.379401",6.2,6.3,Region,8
Toronto,"43.662637, -79.426143",3.2,3.4,District,11
Montreal,"45.541824, -73.636213",4.2,4.2,Country,4
Toronto,"43.710983, -79.401036",3.2,3.5,City,10
Toronto,"43.773104, -79.354816",3.0,3.3,Country,4
Montreal,"45.540913, -73.600827",4.5,4.1,Country,4
Toronto,"43.759176, -79.427947",3.6,3.6,District,11
Toronto,"43.756148, -79.393435",4.7,4.3,Country,4
Toronto,"43.653578, -79.395689",4.7,5.0,Region,8
Montreal,"45.554635, -73.551022",5.4,5.6,District,11
Toronto,"43.659542, -79.350069",3.6,4.0,Country,4
Toronto,"43.687814, -79.350604",3.3,3.5,City,10
Montreal,"45.586105, -73.588974",3.2,2.8,Country,4
Toronto,"43.762706, -79.369456",4.6,4.7,Region,8
Toronto,"43.664731, -79.379595",4.8,5.3,Region,8
Toronto,"43.627118, -79.374991",6.2,6.7,Country,4
Toronto,"43.740285, -79.436731",5.3,5.6,City,10
Montreal,"45.548946, -73.592257",5.0,4.9,Region,8
Toronto,"43.726726, -79.361987",4.1,4.3,District,11
Montreal,"45.54547, -73.601196",6.0,6.3,District,11
Toronto,"43.746186, -79.404155",5.9,6.2,Region,8
Montreal,"45.521783, -73.607036",4.5,4.3,City,10
Montreal,"45.533776, -73.592207",5.7,6.1,Country,4
Toronto,"43.609189, -79.387382",2.6,3.0,Country,4
Toronto,"43.688257, -79.449932",3.3,3.5,Country,4
Toronto,"43.77643, -79.419813",2.9,2.8,Region,8
Toronto,"43.674369, -79.35962",2.7,2.8,City,10
Toronto,"43.685846, -79.44088",2.5,2.5,District,11
Toronto,"43.718736, -79.398056",2.5,2.7,Country,4
Toronto,"43.797631, -79.407769",4.4,4.1,City,10
Toronto,"43.746153, -79.439757",4.0,3.8,Region,8
Montreal,"45.577346, -73.574684",5.1,5.3,City,10
Toronto,"43.706102, -79.449153",4.3,4.5,City,10
Toronto,"43.783979, -79.388392",5.9,5.5,Country,4
Toronto,"43.628003, -79.437684",3.9,3.8,Country,4
Toronto,"43.649557, -79.385538",4.7,4.8,City,10
Montreal,"45.577897, -73.580952",3.3,3.4,Region,8
Toronto,"43.749569, -79.420446",5.6,5.9,District,11
Toronto,"43.698978, -79.438726",5.1,4.7,Country,4
Toronto,"43.797377, -79.356608",4.0,4.3,City,10
Montreal,"45.536541, -73.581706",6.3,6.6,Country,4
Toronto,"43.717473, -79.448621",2.7,2.3,City,10
Montreal,"45.550661, -73.587143",4.2,4.1,Country,4
Toronto,"43.655494, -79.419009",6.4,6.1,City,10
Montreal,"45.539073, -73.586571",3.7,3.6,District,11
Toronto,"43.611581, -79.441379",3.0,3.1,Country,4
Toronto,"43.661858, -79.375831",3.0,3.2,City,10
Toronto,"43.632767, -79.354698",3.2,2.8,Region,8
Montreal,"45.573294, -73.638194",3.8,3.7,District,11
Toronto,"43.65259, -79.352495",4.5,4.5,District,11
Toronto,"43.699922, -79.393311",3.1,3.4,Region,8
Toronto,"43.645681, -79.399118",5.9,5.4,District,11
Toronto,"43.694353, -79.411702",3.2,3.7,City,10
Toronto,"43.710573, -79.358605",3.4,3.1,Country,4
Montreal,"45.527126, -73.642211",3.0,3.2,Region,8
Toronto,"43.635869, -79.369566",6.3,5.9,District,11
Montreal,"45.586603, -73.572647",3.8,3.9,Region,8
Toronto,"43.673784, -79.42084",5.5,5.2,Region,8
Montreal,"45.559169, -73.600664",5.4,5.4,City,10
Toronto,"43.630113, -79.35676",3.4,3.2,District,11
Toronto,"43.790198, -79.449854",5.9,6.1,Country,4
Toronto,"43.641039, -79.351688",4.5,4.1,Country,4
Toronto,"43.74233, -79.440697",6.1,6.1,City,10
Montreal,"45.545846, -73.57521",4.5,4.6,District,11
Montreal,"45.507483, -73.593218",5.1,4.7,Country,4
Montreal,"45.526099, -73.618499",5.3,5.5,Country,4
Montreal,"45.545276, -73.626639",3.0,3.3,City,10
Toronto,"43.631082, -79.433563",3.8,3.4,Country,4
Montreal,"45.596463, -73.629236",4.4,4.8,Region,8
Toronto,"43.631523, -79.381395",3.4,3.8,District,11
Toronto,"43.618243, -79.425178",4.1,3.6,Region,8
Montreal,"45.526017, -73.550932",6.3,6.7,District,11
Toronto,"43.618945, -79.439809",3.0,2.6,City,10
Toronto,"43.626143, -79.367633",5.2,5.6,Region,8
Toronto,"43.716465, -79.424118",2.6,2.2,District,11
Montreal,"45.58093, -73.640802",3.0,3.4,Region,8
Toronto,"43.633598, -79.392612",4.5,4.4,Country,4
Montreal,"45.517281, -73.628528",3.6,3.5,City,10
Toronto,"43.60693, -79.388082",5.1,5.1,City,10
Montreal,"45.506098, -73.622022",4.2,4.3,City,10
Toronto,"43.726151, -79.369783",6.5,6.8,District,11
Montreal,"45.547968, -73.571856",6.2,6.2,Region,8
Montreal,"45.527044, -73.647394",2.6,2.9,City,10
Montreal,"45.505859, -73.550847",5.6,6.1,Region,8
Toronto,"43.620027, -79.384314",4.6,4.9,Region,8
Toronto,"43.75281, -79.35522",3.9,4.2,Country,4
Toronto,"43.63522, -79.390748",6.2,5.7,Region,8
Montreal,"45.594756, -73.593639",5.8,6.1,City,10
Montreal,"45.554212, -73.632444",2.9,2.6,District,11
Toronto,"43.603986, -79.402201",6.2,5.9,Region,8
Toronto,"43.668152, -79.432254",2.7,2.3,Region,8
Toronto,"43.754873, -79.365352",6.3,6.2,Region,8
Montreal,"45.558602, -73.616344",3.0,2.7,Region,8
Montreal,"45.579184, -73.553934",3.2,3.7,Region,8
Montreal,"45.522324, -73.591105",4.0,4.2,City,10
Montreal,"45.512735, -73.577117",5.9,6.2,Country,4
Toronto,"43.636416, -79.418178",5.1,4.7,City,10
Montreal,"45.514064, -73.575466",3.9,3.7,City,10
Toronto,"43.764332, -79.382998",4.3,4.1,Region,8
Toronto,"43.738635, -79.414952",5.4,4.9,District,11
Montreal,"45.573258, -73.55309",4.5,4.4,Country,4
Montreal,"45.510143, -73.602051",3.2,2.8,City,10
Toronto,"43.658982, -79.418128",2.8,2.5,District,11
Montreal,"45.51609, -73.6425",3.9,4.4,District,11
Montreal,"45.57045, -73.606868",4.9,4.8,City,10
Toronto,"43.620252, -79.429445",4.1,4.2,City,10
Montreal,"45.56606, -73.62026",2.7,2.8,District,11
Montreal,"45.515359, -73.613917",2.9,3.2,Country,4
Montreal,"45.519967, -73.647426",5.1,5.6,City,10
Montreal,"45.584377, -73.619165",4.4,4.8,Country,4
Montreal,"45.509114, -73.595587",4.0,3.9,City,10
Toronto,"43.689155, -79.42367",3.6,3.9,Country,4
Toronto,"43.630226, -79.380353",2.8,2.6,District,11
Montreal,"45.597071, -73.591027",5.9,6.2,District,11
Montreal,"45.596563, -73.581293",4.8,4.5,Country,4
Montreal,"45.507896, -73.559722",4.5,4.9,District,11
Toronto,"43.624056, -79.374281",6.3,6.0,City,10
Toronto,"43.761692, -79.437381",2.8,3.0,Country,4
Toronto,"43.799454, -79.387277",3.8,4.0,Region,8
Toronto,"43.617405, -79.394364",5.9,5.9,Region,8
Toronto,"43.75731, -79.387694",3.0,2.6,Country,4
Toronto,"43.784986, -79.393732",5.6,6.0,District,11
Montreal,"45.587789, -73.623586",4.8,4.8,Country,4
Toronto,"43.655083, -79.435615",2.7,3.1,Country,4
Montreal,"45.569051, -73.645071",6.2,6.6,Country,4
Toronto,"43.667573, -79.370635",3.6,3.6,Region,8
Toronto,"43.794499, -79.427204",6.4,6.3,Region,8
Montreal,"45.526942, -73.608323",3.3,3.0,District,11
Montreal,"45.574094, -73.574051",5.8,5.8,Region,8
Toronto,"43.613123, -79.379043",3.0,3.4,Country,4
Toronto,"43.634747, -79.362482",5.8,5.5,City,10
Montreal,"45.505056, -73.613962",3.6,3.9,City,10
Montreal,"45.563541, -73.637613",3.5,3.5,District,11
Montreal,"45.517758, -73.562952",3.9,4.2,Region,8
Montreal,"45.574896, -73.581115",2.6,2.1,Region,8
Toronto,"43.771422, -79.385262",3.6,3.5,City,10
Toronto,"43.772926, -79.353286",4.4,4.0,District,11
Toronto,"43.720228, -79.449154",4.9,5.3,Region,8
Montreal,"45.542381, -73.612352",4.3,4.0,Region,8
Montreal,"45.56772, -73.567569",4.8,4.3,Country,4
Montreal,"45.556146, -73.590623",3.7,3.3,Region,8
Toronto,"43.667257, -79.422352",5.9,5.7,Region,8
Montreal,"45.518836, -73.598271",6.1,6.4,City,10
Montreal,"45.566053, -73.581924",5.1,5.6,District,11
Montreal,"45.590691, -73.60954",4.8,5.3,District,11
Toronto,"43.668633, -79.378663",6.1,6.3,Country,4
Montreal,"45.584542, -73.565936",3.7,3.7,City,10
Montreal,"45.572519, -73.594097",6.3,6.7,City,10
Toronto,"43.644451, -79.427667",4.2,4.6,Region,8
Montreal,"45.526056, -73.620595",4.4,4.8,District,11
Toronto,"43.694444, -79.430546",6.0,5.9,District,11
Montreal,"45.541311, -73.562915",3.0,2.7,City,10
Montreal,"45.598719, -73.560715",3.1,3.5,Country,4
Toronto,"43.755788, -79.401242",3.8,3.4,City,10
Montreal,"45.527353, -73.573881",4.8,4.5,City,10
Toronto,"43.625881, -79.406629",4.1,4.6,Country,4
Montreal,"45.500467, -73.596622",6.3,6.7,Region,8
Toronto,"43.603583, -79.449588",3.4,3.8,City,10
Montreal,"45.512893, -73.611645",3.2,3.5,Region,8
Montreal,"45.594846, -73.604407",4.2,4.4,Region,8
Toronto,"43.668547, -79.359862",5.5,5.2,Region,8
Montreal,"45.501912, -73.627568",3.3,2.8,City,10
Toronto,"43.624632, -79.378889",4.0,4.1,District,11
Toronto,"43.718785, -79.445204",5.1,4.6,District,11
Toronto,"43.683355, -79.411975",4.4,4.1,Region,8
Toronto,"43.660223, -79.383834",5.0,5.2,Region,8
Montreal,"45.583065, -73.639509",3.6,3.9,District,11
Montreal,"45.519865, -73.630025",5.8,6.3,Region,8
Montreal,"45.570344, -73.620465",4.7,5.1,District,11
Montreal,"45.53306, -73.649726",6.1,6.4,District,11
Montreal,"45.514914, -73.640992",5.4,5.0,District,11
Montreal,"45.564434, -73.604325",3.6,3.2,Region,8
Toronto,"43.774828, -79.364775",5.7,5.5,Region,8
Toronto,"43.619, -79.37418",2.5,2.1,District,11
Toronto,"43.665732, -79.360547",6.0,5.6,Region,8
Montreal,"45.518287, -73.609922",3.6,3.5,Country,4
Montreal,"45.57999, -73.585115",3.0,3.2,City,10
Toronto,"43.796314, -79.365565",4.2,4.3,District,11
Montreal,"45.518126, -73.612025",4.9,5.3,Region,8
Toronto,"43.696616, -79.401188",4.3,3.9,Country,4
Montreal,"45.501236, -73.563167",6.4,6.6,City,10
Montreal,"45.55191, -73.581176",4.2,4.4,District,11
Montreal,"45.534575, -73.58237",3.1,3.4,Country,4
Toronto,"43.602329, -79.356563",5.9,6.3,Country,4
Toronto,"43.750286, -79.417937",6.4,6.0,Region,8
Toronto,"43.710099, -79.412136",2.8,2.7,City,10
Montreal,"45.508802, -73.600154",3.0,3.0,Region,8
Toronto,"43.620529, -79.408766",5.8,6.1,District,11
Montreal,"45.589011, -73.593767",6.3,6.2,Country,4
Toronto,"43.763318, -79.365568",4.7,4.8,Region,8
Montreal,"45.571666, -73.613671",3.0,3.3,Country,4
Toronto,"43.600439, -79.414486",4.7,4.6,Region,8
Toronto,"43.609156, -79.433584",5.8,6.0,City,10
Montreal,"45.510696, -73.588915",3.0,3.4,City,10
Toronto,"43.691409, -79.371858",2.9,2.8,Region,8
Toronto,"43.754429, -79.40495",6.4,5.9,City,10
Toronto,"43.710645, -79.406719",6.2,6.5,Country,4
Toronto,"43.738364, -79.432635",2.9,3.1,City,10
Montreal,"45.550411, -73.611534",3.6,4.1,City,10
Montreal,"45.545285, -73.636663",4.9,5.3,Country,4
Montreal,"45.584307, -73.595219",5.3,5.7,Region,8
Toronto,"43.640178, -79.387583",5.2,5.6,Region,8
Toronto,"43.796267, -79.384991",4.5,4.7,City,10
Montreal,"45.571035, -73.573922",4.8,5.2,Country,4
Montreal,"45.567424, -73.560613",6.0,5.9,Region,8
Toronto,"43.704546, -79.447473",2.7,2.3,City,10
Montreal,"45.575019, -73.633906",5.2,4.8,Region,8
Toronto,"43.738119, -79.420486",3.9,3.9,District,11
Toronto,"43.748483, -79.393873",4.5,4.8,City,10
Montreal,"45.569294, -73.645302",4.1,4.6,Country,4
Montreal,"45.596583, -73.64462",3.3,3.7,Region,8
Montreal,"45.582998, -73.558851",5.5,5.5,Region,8
Toronto,"43.755229, -79.353571",4.3,4.8,Region,8
Toronto,"43.637395, -79.43262",4.0,3.9,District,11
Montreal,"45.513007, -73.591601",2.5,2.5,Region,8
Toronto,"43.607988, -79.357137",5.6,5.7,District,11
Montreal,"45.549055, -73.592732",2.8,3.0,Region,8
Toronto,"43.791398, -79.397939",4.2,4.2,City,10
Toronto,"43.669881, -79.36166",3.8,3.6,Region,8
Montreal,"45.599663, -73.567631",3.0,2.8,District,11
Toronto,"43.780899, -79.38863",6.3,6.5,City,10
Montreal,"45.538137, -73.570379",4.0,4.0,District,11
Montreal,"45.502471, -73.598313",4.6,4.6,Region,8
Montreal,"45.504385, -73.560172",3.8,3.4,City,10
Toronto,"43.633479, -79.354372",5.0,4.7,District,11
Toronto,"43.77299, -79.407579",3.3,3.6,District,11
Montreal,"45.564656, -73.556025",2.6,2.8,City,10
Toronto,"43.617504, -79.444573",4.7,4.8,Region,8
Toronto,"43.782197, -79.409237",5.0,4.9,Country,4
Toronto,"43.6779, -79.438169",5.1,5.2,District,11
Toronto,"43.740176, -79.442741",3.7,3.9,District,11
Toronto,"43.656303, -79.357331",4.1,4.3,Country,4
Montreal,"45.515632, -73.628013",5.7,6.0,Country,4
Montreal,"45.596013, -73.635592",6.3,5.8,Region,8
Toronto,"43.624647, -79.449497",4.6,5.0,Country,4
Montreal,"45.521005, -73.575857",3.3,3.7,Region,8
Toronto,"43.632191, -79.427921",3.3,3.0,Region,8
Toronto,"43.770278, -79.356763",5.1,4.7,Country,4
Toronto,"43.650138, -79.430258",6.3,6.2,Country,4
Toronto,"43.620009, -79.388048",3.8,3.8,City,10
Montreal,"45.569346, -73.634761",5.7,6.2,Region,8
Toronto,"43.600966, -79.425382",5.3,5.4,City,10
Montreal,"45.584011, -73.636569",6.0,6.0,Region,8
Montreal,"45.577477, -73.601303",3.2,3.3,District,11
Montreal,"45.585871, -73.636",3.6,4.0,City,10
Toronto,"43.745485, -79.360789",5.8,5.9,District,11
Toronto,"43.781261, -79.394841",5.1,4.7,Country,4
Montreal,"45.522331, -73.572786",3.0,3.0,Region,8
Toronto,"43.679357, -79.399783",5.9,6.2,City,10
Toronto,"43.751441, -79.435963",3.2,3.6,City,10
Toronto,"43.747184, -79.40165",2.7,3.0,Region,8
Toronto,"43.612572, -79.413056",5.2,5.2,District,11
Montreal,"45.538809, -73.55821",2.7,2.8,District,11
Toronto,"43.740747, -79.397863",5.8,5.6,Region,8
Toronto,"43.675332, -79.412148",4.6,4.5,District,11
Toronto,"43.703274, -79.41471",4.4,4.4,Region,8
Toronto,"43.700367, -79.436103",3.4,3.4,City,10
Montreal,"45.521152, -73.631309",4.9,5.2,Region,8
Toronto,"43.682923, -79.416978",4.4,4.4,District,11
Toronto,"43.718158, -79.385274",2.6,2.1,Country,4
Toronto,"43.626945, -79.398736",2.7,2.5,City,10
Toronto,"43.703328, -79.409454",6.0,6.2,District,11
Montreal,"45.594725, -73.628341",6.0,5.7,Country,4
Montreal,"45.560084, -73.570538",5.0,5.0,City,10
Toronto,"43.744837, -79.415733",4.9,4.5,Country,4
Montreal,"45.538546, -73.639143",4.6,5.0,City,10
Montreal,"45.582651, -73.589449",4.4,4.5,City,10
Toronto,"43.775551, -79.396857",2.9,3.1,District,11
Toronto,"43.779394, -79.372513",4.6,4.5,Country,4
Toronto,"43.739529, -79.407104",5.7,5.6,Country,4
Toronto,"43.685098, -79.424548",6.1,5.7,City,10
Montreal,"45.52578, -73.649453",4.8,4.4,District,11
Toronto,"43.675006, -79.429458",4.1,3.7,Region,8
Montreal,"45.565158, -73.624637",4.8,4.9,Country,4
Montreal,"45.575497, -73.608677",3.2,3.3,Country,4
Montreal,"45.525378, -73.619335",5.6,5.5,Region,8
Toronto,"43.771, -79.384072",4.3,4.5,City,10
Toronto,"43.620056, -79.399166",5.7,5.8,Region,8
Toronto,"43.632148, -79.353543",5.7,6.0,District,11
Montreal,"45.592586, -73.606462",3.6,3.5,District,11
Toronto,"43.744899, -79.356932",5.0,5.0,Country,4
Toronto,"43.789143, -79.367977",4.3,4.0,Country,4
Montreal,"45.519475, -73.571604",5.0,5.2,City,10
Montreal,"45.523926, -73.649971",2.8,2.6,City,10
Montreal,"45.535313, -73.610486",4.6,4.8,City,10
Toronto,"43.783835, -79.395041",3.9,4.2,Region,8
Toronto,"43.721273, -79.430547",4.8,4.6,Country,4
Montreal,"45.550624, -73.594137",3.9,3.5,Region,8
Montreal,"45.587611, -73.568685",5.3,5.8,Region,8
Montreal,"45.576997, -73.574253",5.2,5.6,Country,4
Toronto,"43.696394, -79.424218",5.0,5.5,Country,4
Toronto,"43.760032, -79.408757",4.6,4.1,Region,8
Montreal,"45.524826, -73.640699",2.8,3.2,Region,8
Montreal,"45.531387, -73.628143",3.2,3.4,Region,8
Toronto,"43.6998, -79.430033",6.0,5.7,City,10
Toronto,"43.766988, -79.366367",3.1,2.7,Region,8
Toronto,"43.735162, -79.383658",5.6,5.6,District,11
Toronto,"43.769602, -79.41288",4.5,5.0,Region,8
Montreal,"45.549081, -73.551561",4.1,4.4,Region,8
Toronto,"43.61083, -79.370073",6.3,5.8,Country,4
Montreal,"45.539372, -73.581366",4.3,3.9,City,10
Montreal,"45.531565, -73.649158",4.0,3.6,City,10
Montreal,"45.561278, -73.62403",3.4,3.4,Region,8
Montreal,"45.536592, -73.600123",4.2,4.5,City,10
Montreal,"45.585433, -73.622037",4.8,5.3,City,10
Toronto,"43.762838, -79.377918",4.7,5.1,City,10
Toronto,"43.629169, -79.354085",4.4,3.9,City,10
Montreal,"45.54996, -73.550444",5.6,5.4,Region,8
Toronto,"43.67968, -79.380946",3.4,3.2,District,11
Toronto,"43.689971, -79.416534",3.9,4.0,Region,8
Montreal,"45.534414, -73.608824",6.0,6.5,Region,8
Toronto,"43.715371, -79.385013",6.4,6.2,City,10
Montreal,"45.567319, -73.601251",6.1,6.0,Country,4
Montreal,"45.546375, -73.554341",5.1,5.5,City,10
Montreal,"45.563127, -73.592836",2.8,2.6,District,11
Montreal,"45.531688, -73.620864",4.9,4.8,Region,8
Montreal,"45.578097, -73.556123",4.2,3.9,Country,4
Toronto,"43.625008, -79.426537",6.3,6.5,Region,8
Toronto,"43.642114, -79.410295",2.8,3.2,District,11
Toronto,"43.605273, -79.410299",2.9,3.0,District,11
Toronto,"43.730967, -79.361453",3.4,3.6,Region,8
Montreal,"45.562648, -73.636872",2.6,2.8,City,10
Montreal,"45.586424, -73.603281",4.7,4.3,Region,8
Toronto,"43.718166, -79.404346",4.6,4.7,Country,4
Montreal,"45.590892, -73.601835",5.7,5.6,City,10
Montreal,"45.54122, -73.634428",2.5,2.8,District,11
Toronto,"43.668777, -79.40308",5.3,5.3,District,11
Montreal,"45.529961, -73.573413",4.9,5.2,Region,8
Montreal,"45.518857, -73.561784",4.1,3.8,Country,4
Montreal,"45.582843, -73.627941",4.2,3.9,District,11
Montreal,"45.528468, -73.575707",4.2,4.6,Region,8
Toronto,"43.627325, -79.438964",5.0,4.8,Country,4
Montreal,"45.518779, -73.64806",6.4,5.9,District,11
Toronto,"43.656423, -79.437496",5.4,5.1,Country,4
Toronto,"43.602945, -79.428281",3.7,4.0,Country,4
Montreal,"45.546368, -73.570858",2.8,3.1,Region,8
Toronto,"43.611208, -79.372435",4.7,4.4,District,11
Montreal,"45.581725, -73.567175",6.4,6.6,District,11
Montreal,"45.577123, -73.605704",3.3,3.5,District,11
Toronto,"43.704228, -79.351788",4.1,4.6,Country,4
Montreal,"45.515861, -73.577176",3.5,3.6,District,11
Toronto,"43.672085, -79.444791",6.4,6.1,City,10
Montreal,"45.532451, -73.633264",4.8,4.7,Region,8
Toronto,"43.601786, -79.445801",5.3,5.0,Country,4
Toronto,"43.649744, -79.400008",6.2,6.7,Region,8
Toronto,"43.611955, -79.385543",3.0,2.7,District,11
Montreal,"45.580553, -73.606128",2.6,2.5,City,10
Toronto,"43.650139, -79.446051",4.7,4.7,Country,4
Montreal,"45.518978, -73.631337",3.8,3.8,Region,8
Toronto,"43.613775, -79.434497",5.8,5.8,Region,8
Montreal,"45.500072, -73.586197",5.4,5.8,Country,4
Montreal,"45.577602, -73.626121",5.1,5.1,District,11
Montreal,"45.518987, -73.581678",5.0,4.8,City,10
Montreal,"45.511046, -73.59768",2.7,3.1,District,11
Toronto,"43.774699, -79.429792",3.3,2.8,Country,4
Montreal,"45.565792, -73.597418",2.7,2.4,Region,8
Toronto,"43.602617, -79.357896",6.2,6.5,Country,4
Montreal,"45.580102, -73.64393",5.8,6.1,Country,4
Toronto,"43.764729, -79.423418",5.4,5.7,District,11
Toronto,"43.788921, -79.353941",2.9,2.6,District,11
Montreal,"45.518946, -73.597381",4.8,5.2,City,10
Montreal,"45.574611, -73.573372",5.2,5.4,Region,8
Montreal,"45.588282, -73.633319",4.7,4.7,City,10
Toronto,"43.70678, -79.390008",6.1,6.2,Region,8
Montreal,"45.584485, -73.608766",5.8,5.6,Country,4
Toronto,"43.712629, -79.428607",3.9,3.9,Region,8
Montreal,"45.50002, -73.646534",4.9,4.9,Region,8
Montreal,"45.500657, -73.551561",5.9,5.4,City,10
Montreal,"45.591911, -73.598873",2.9,2.9,City,10
Toronto,"43.627682, -79.413292",3.4,3.7,City,10
Toronto,"43.714097, -79.393094",5.4,5.6,City,10
Montreal,"45.51729, -73.567429",4.9,4.7,District,11
Montreal,"45.507848, -73.644408",3.9,4.2,Region,8
Montreal,"45.593025, -73.637946",5.5,5.8,City,10
Toronto,"43.726777, -79.386781",3.7,3.2,District,11
Toronto,"43.665366, -79.380223",2.7,2.9,City,10
Montreal,"45.597104, -73.574716",3.4,3.2,District,11
Montreal,"45.514801, -73.616383",4.8,4.3,Country,4
Montreal,"45.526256, -73.610147",5.6,5.2,Country,4
Toronto,"43.696185, -79.430189",5.1,4.8,Country,4
Toronto,"43.648463, -79.423374",3.8,4.2,Country,4
Toronto,"43.622506, -79.408642",3.9,3.7,Region,8
Toronto,"43.753936, -79.433074",5.0,5.5,Region,8
Montreal,"45.562318, -73.605954",3.3,3.2,City,10
Toronto,"43.622474, -79.444546",6.0,6.3,City,10
Toronto,"43.668654, -79.369572",4.3,3.8,Region,8
Toronto,"43.748003, -79.428812",4.7,4.8,Region,8
Toronto,"43.739014, -79.383174",4.8,5.0,Country,4
Toronto,"43.651091, -79.443989",5.7,5.8,City,10
Toronto,"43.692992, -79.355482",4.1,3.9,District,11
Montreal,"45.586428, -73.648092",3.4,3.3,Country,4
Toronto,"43.780774, -79.401534",3.2,3.2,District,11
Montreal,"45.556069, -73.578753",3.5,3.5,District,11
Montreal,"45.548993, -73.575561",3.9,3.8,District,11
Montreal,"45.52362, -73.552176",5.7,5.8,Region,8
Montreal,"45.58904, -73.568514",6.3,6.7,District,11
Toronto,"43.630342, -79.360282",2.9,2.8,City,10
Toronto,"43.683467, -79.39271",6.4,6.8,Country,4
Montreal,"45.544917, -73.636823",4.8,5.0,City,10
Toronto,"43.772518, -79.4191",4.2,4.6,City,10
Toronto,"43.731246, -79.393516",3.8,3.9,City,10
Toronto,"43.636827, -79.366048",5.4,5.7,City,10
Montreal,"45.59612, -73.619665",3.1,2.8,Region,8
Toronto,"43.636949, -79.373755",4.9,5.0,Region,8
Toronto,"43.646182, -79.447392",5.3,5.3,District,11
Montreal,"45.571202, -73.612604",4.5,4.1,Country,4
Toronto,"43.645255, -79.409141",6.2,6.7,District,11
Toronto,"43.748473, -79.351176",2.8,3.2,City,10
Montreal,"45.586713, -73.601006",6.0,6.4,Region,8
Montreal,"45.540487, -73.645817",5.4,5.3,Country,4
Toronto,"43.70413, -79.404839",6.0,5.7,District,11
Montreal,"45.598383, -73.646075",4.6,4.7,Country,4
Toronto,"43.63797, -79.406045",5.6,5.4,Region,8
Toronto,"43.684492, -79.388687",5.3,5.7,District,11
Montreal,"45.582989, -73.60483",3.2,3.3,District,11
Toronto,"43.678613, -79.417654",3.2,3.3,District,11
Toronto,"43.77651, -79.440982",5.3,5.7,Region,8
Toronto,"43.743675, -79.437646",5.3,5.4,District,11
Toronto,"43.704763, -79.411591",4.0,3.9,City,10
Toronto,"43.782451, -79.393451",3.1,2.7,City,10
Toronto,"43.683916, -79.419048",3.7,3.4,Country,4
Toronto,"43.792087, -79.449647",2.5,2.5,Region,8
Montreal,"45.55435, -73.649425",3.5,3.6,Country,4
Montreal,"45.545374, -73.605812",3.5,3.5,District,11
Toronto,"43.609784, -79.435174",2.6,3.0,Region,8
Montreal,"45.533111, -73.64123",4.2,3.9,District,11
Montreal,"45.561109, -73.580849",6.4,6.6,City,10
Montreal,"45.593148, -73.640687",3.8,4.2,Region,8
Toronto,"43.751688, -79.365669",3.7,3.3,District,11
Montreal,"45.532921, -73.608624",5.3,5.4,City,10
Toronto,"43.714273, -79.352065",4.4,4.6,District,11
Montreal,"45.542705, -73.56522",4.6,5.1,Region,8
Montreal,"45.592711, -73.588571",4.6,4.7,Country,4
Montreal,"45.580798, -73.561634",5.3,5.8,City,10
Toronto,"43.623641, -79.403511",5.4,5.1,District,11
Montreal,"45.541404, -73.616621",2.5,2.2,City,10
Montreal,"45.525442, -73.643216",4.5,4.3,Region,8
Toronto,"43.622767, -79.416672",5.4,5.5,Country,4
Toronto,"43.766409, -79.430598",6.2,6.2,Region,8
Montreal,"45.579725, -73.585435",3.1,3.1,Country,4
Montreal,"45.546247, -73.568583",5.8,5.6,District,11
Montreal,"45.555518, -73.648128",5.7,6.1,Region,8
Montreal,"45.506621, -73.63507",3.9,3.8,District,11
Toronto,"43.714196, -79.411043",6.0,6.3,District,11
Montreal,"45.570984, -73.62285",4.5,4.2,District,11
Montreal,"45.582946, -73.619737",3.2,3.1,Region,8
Toronto,"43.755558, -79.358665",4.5,4.8,Country,4
Toronto,"43.638042, -79.357636",5.6,5.2,Region,8
Toronto,"43.764428, -79.356198",3.3,2.8,City,10
Montreal,"45.571368, -73.597766",3.7,3.2,District,11
Toronto,"43.666658, -79.361081",4.6,4.8,District,11
Montreal,"45.502248, -73.574151",3.8,3.5,City,10
Montreal,"45.553228, -73.572721",3.6,3.3,District,11
Toronto,"43.603051, -79.387706",3.3,3.2,District,11
Montreal,"45.527105, -73.555672",4.8,4.5,Region,8
Montreal,"45.561326, -73.616126",2.7,2.2,Country,4
Toronto,"43.621185, -79.44462",4.1,4.3,Country,4
Montreal,"45.561632, -73.618756",5.4,5.6,City,10
Toronto,"43.794736, -79.374426",4.8,4.4,Country,4
Montreal,"45.509726, -73.618961",4.4,4.8,Country,4
Toronto,"43.772219, -79.388306",4.1,4.3,Region,8
Montreal,"45.578878, -73.56176",4.5,4.1,Country,4
Toronto,"43.670288, -79.403876",3.6,3.4,City,10
Toronto,"43.70159, -79.409431",3.8,3.9,District,11
Montreal,"45.553275, -73.609918",3.5,3.2,Country,4
Toronto,"43.794778, -79.411618",3.3,3.5,Region,8
Montreal,"45.578431, -73.606465",4.7,4.4,Region,8
Toronto,"43.747873, -79.378809",3.0,3.1,Country,4
Montreal,"45.555509, -73.567798",3.7,3.6,City,10
Toronto,"43.737102, -79.390359",3.8,3.9,Country,4
Toronto,"43.618107, -79.368297",5.5,5.7,District,11
Montreal,"45.553126, -73.611002",3.3,3.5,Country,4
Montreal,"45.529974, -73.570565",6.2,6.6,Region,8
Montreal,"45.599029, -73.591727",5.9,6.3,Country,4
Toronto,"43.673845, -79.395111",2.5,2.6,District,11
Montreal,"45.51097, -73.621779",3.4,3.6,District,11
Montreal,"45.562521, -73.578823",4.0,4.0,Country,4
Toronto,"43.694974, -79.431177",5.9,5.8,Country,4
Montreal,"45.515427, -73.550254",3.0,2.6,City,10
Toronto,"43.628799, -79.361511",6.4,6.0,Country,4
Toronto,"43.728449, -79.408414",6.1,6.3,Country,4
Montreal,"45.562325, -73.604561",4.7,4.7,Country,4
Montreal,"45.522574, -73.607523",4.8,5.1,District,11
Toronto,"43.742426, -79.423075",2.6,2.1,Region,8
Montreal,"45.570488, -73.638684",6.3,5.9,Country,4
Montreal,"45.546494, -73.642177",3.5,3.6,District,11
Toronto,"43.736815, -79.39608",5.0,5.4,Region,8
Toronto,"43.693774, -79.398734",4.8,4.6,Country,4
Montreal,"45.596058, -73.570178",3.2,3.4,Region,8
Montreal,"45.572697, -73.593629",5.0,5.1,District,11
Toronto,"43.731264, -79.420825",3.6,3.2,District,11
Toronto,"43.770289, -79.422215",5.0,4.8,City,10
Montreal,"45.50142, -73.638845",6.1,6.3,City,10
Montreal,"45.536977, -73.63246",4.4,4.7,City,10
Toronto,"43.66857, -79.44156",4.9,5.2,City,10
Montreal,"45.575276, -73.608705",3.5,3.4,Country,4
Toronto,"43.642171, -79.376564",2.7,2.5,Region,8
Toronto,"43.610505, -79.403599",3.7,3.9,Country,4
Toronto,"43.67596, -79.379439",3.6,3.6,Country,4
Montreal,"45.501186, -73.557278",4.0,3.8,Country,4
Toronto,"43.619473, -79.396871",6.3,6.2,Region,8
Montreal,"45.533497, -73.623291",3.5,3.6,District,11
Montreal,"45.577315, -73.575091",4.6,4.8,City,10
Toronto,"43.662654, -79.448942",5.8,5.3,District,11
Toronto,"43.705053, -79.38145",3.4,3.2,Region,8
Toronto,"43.606808, -79.38806",6.3,6.5,District,11
Toronto,"43.790098, -79.386192",2.8,2.9,District,11
Montreal,"45.565639, -73.56001",6.1,6.3,City,10
Montreal,"45.529457, -73.583952",5.1,5.5,District,11
Montreal,"45.576936, -73.580778",3.5,3.8,Region,8
Montreal,"45.577711, -73.61172",6.5,6.3,Region,8
Montreal,"45.517793, -73.64306",4.9,4.6,City,10
Montreal,"45.510843, -73.595937",3.4,3.5,Country,4
Montreal,"45.57154, -73.639671",2.8,3.0,District,11
Montreal,"45.501876, -73.60023",6.2,6.4,District,11
Montreal,"45.515161, -73.617017",4.8,4.8,Country,4
Montreal,"45.547814, -73.609609",4.7,4.2,District,11
Montreal,"45.51212, -73.59647",3.8,3.6,Region,8
Toronto,"43.726455, -79.354118",4.0,4.4,District,11
Montreal,"45.508046, -73.604036",5.1,4.8,Region,8
Toronto,"43.793503, -79.383927",5.3,5.7,Region,8
Montreal,"45.54865, -73.561479",5.4,5.0,Country,4
Toronto,"43.605073, -79.350362",4.5,4.1,City,10
Montreal,"45.549968, -73.553505",6.4,5.9,Country,4
Montreal,"45.505605, -73.571222",4.1,3.8,District,11
Montreal,"45.594009, -73.56298",5.5,5.2,City,10
Toronto,"43.607376, -79.435841",4.4,4.8,District,11
Toronto,"43.648537, -79.385121",3.2,2.7,District,11
Montreal,"45.582074, -73.640271",5.8,5.4,City,10
Toronto,"43.622836, -79.390502",2.8,2.5,City,10
Montreal,"45.581152, -73.551781",3.8,4.3,Country,4
Toronto,"43.664318, -79.353531",5.6,5.7,City,10
Montreal,"45.506322, -73.622611",3.2,3.1,Country,4
Toronto,"43.687732, -79.357432",3.0,3.3,District,11
Montreal,"45.577766, -73.648437",2.8,2.3,Country,4
Toronto,"43.741348, -79.390627",4.2,4.5,Region,8
Montreal,"45.569236, -73.629384",4.6,4.5,Region,8
Toronto,"43.722108, -79.446238",5.4,5.5,City,10
Toronto,"43.725438, -79.371742",4.2,4.3,Region,8
Toronto,"43.623502, -79.39698",5.0,5.4,District,11
Toronto,"43.692843, -79.387354",3.6,3.3,City,10
Toronto,"43.737049, -79.353143",4.5,4.2,Country,4
Toronto,"43.610806, -79.413581",4.2,4.0,City,10
Montreal,"45.504332, -73.575958",3.1,2.6,City,10
Toronto,"43.614172, -79.42647",4.9,4.7,Country,4
Toronto,"43.749417, -79.360163",5.6,5.4,City,10
Toronto,"43.647424, -79.40874",4.0,3.7,City,10
Montreal,"45.558509, -73.644566",3.1,3.5,Country,4
Montreal,"45.517806, -73.612651",5.4,5.5,Country,4
Montreal,"45.520221, -73.637279",3.6,3.2,District,11
Montreal,"45.545858, -73.63288",3.4,3.2,Region,8
Toronto,"43.757909, -79.3862",4.8,4.9,City,10
Toronto,"43.617295, -79.364303",5.9,5.6,Country,4
Montreal,"45.583699, -73.622083",5.4,5.1,Country,4
Montreal,"45.543425, -73.627759",6.2,6.6,City,10
Montreal,"45.598018, -73.645994",5.4,5.4,Country,4
Montreal,"45.553112, -73.602073",4.3,4.0,District,11
Toronto,"43.738632, -79.409338",3.0,2.8,City,10
Toronto,"43.603186, -79.383096",5.3,5.7,City,10
Toronto,"43.795284, -79.403624",6.0,5.9,City,10
Montreal,"45.562681, -73.57961",5.9,5.5,District,11
Montreal,"45.553092, -73.620341",5.3,5.4,Region,8
Toronto,"43.757538, -79.441904",5.4,5.0,Region,8
Montreal,"45.588798, -73.638903",4.4,3.9,Region,8
Montreal,"45.517527, -73.594121",4.7,5.0,District,11
Toronto,"43.79625, -79.426137",5.1,5.3,District,11
Toronto,"43.750635, -79.373911",3.9,3.7,Region,8
Montreal,"45.527715, -73.643663",4.3,4.3,Region,8
Toronto,"43.694033, -79.39681",4.3,4.2,Region,8
Toronto,"43.637671, -79.361602",2.8,3.2,District,11
Montreal,"45.595826, -73.642305",3.6,3.8,City,10
Montreal,"45.51505, -73.629574",3.7,4.2,District,11
Toronto,"43.694781, -79.407987",3.7,3.3,District,11
Toronto,"43.76699, -79.398038",4.1,3.9,Region,8
Montreal,"45.548615, -73.583414",4.3,4.4,Country,4
Montreal,"45.517174, -73.623999",4.0,3.8,Country,4
Toronto,"43.629668, -79.421562",5.0,4.7,City,10
Montreal,"45.518228, -73.632464",3.1,2.7,City,10
Montreal,"45.557453, -73.605911",3.2,3.3,Region,8
Toronto,"43.733111, -79.352198",4.0,4.0,City,10
Toronto,"43.706729, -79.437851",4.1,4.1,District,11
Toronto,"43.789558, -79.357219",2.5,2.7,City,10
Montreal,"45.564724, -73.620444",6.4,6.7,Region,8
Toronto,"43.759915, -79.377146",3.9,3.5,Country,4
Montreal,"45.590017, -73.636058",3.7,3.6,District,11
Toronto,"43.689195, -79.440752",4.9,4.6,District,11
Toronto,"43.756257, -79.37329",2.6,2.6,City,10
Montreal,"45.567706, -73.554238",3.3,3.1,Country,4
Toronto,"43.781689, -79.413894",5.4,5.3,City,10
Montreal,"45.537283, -73.621535",3.7,3.6,Region,8
Toronto,"43.643139, -79.36122",5.7,5.5,Country,4
Montreal,"45.572861, -73.608581",3.1,2.9,District,11
Montreal,"45.506612, -73.55399",2.9,2.8,Country,4
Montreal,"45.541451, -73.594419",3.3,3.6,City,10
Montreal,"45.555387, -73.645777",5.8,5.6,Region,8
Montreal,"45.522452, -73.570878",3.6,4.1,City,10
Montreal,"45.512418, -73.583409",4.2,4.2,Region,8
Toronto,"43.605689, -79.373528",6.5,6.1,Country,4
Montreal,"45.558107, -73.593443",5.0,5.0,Region,8
Toronto,"43.67464, -79.376704",5.9,5.6,District,11
Toronto,"43.629227, -79.403896",3.9,3.5,City,10
Montreal,"45.541951, -73.55879",2.7,2.5,Region,8
Toronto,"43.702773, -79.373356",5.6,5.7,City,10
Toronto,"43.708742, -79.362756",3.6,3.8,Region,8
